Title,Company
Python Developers,N/A
"AI Developer (Python, GenAI/LLM)",N/A
Python Developer,N/A
Python Developer,N/A
Backend Developer (NodeJs / Python),N/A
"AI Developer/Engineer (Consultant) | Python, LLM, NLP",N/A
Golang Developer,N/A
Fullstack Developer,N/A
"AI/ML Developer (Python, LLM, Redis, LLM)",N/A
Java Python Web Application Developer,N/A
Flutter Developer,N/A
"Software Developer (Python, PostgreSQL)",N/A
Python-Focused Backend Developer,N/A
Fullstack Developer (Java/Python),N/A
Fullstack Developer (Python / Vue.js),N/A
BACK-END DEVELOPER (PYTHON/ GO/ NODEJS),N/A
Python Developer,N/A
"Fullstack Developer - Python, API, JavaScript Specialist",N/A
"Backend Engineer ( Python, Node.js)",N/A
Frontend Developer (Junior - Middle),N/A
Web Developer (Junior),N/A
PYTHON DEVELOPER,N/A
Python Developer (Quantitative Trading),N/A
"Automation Framework Developer (Python, Robot Framework)",N/A
Full-Stack Software Developer - Python React JS,N/A
[Bình Thạnh] Software Developer – Join a Startup Team,N/A
"Python, API, and JS Fullstack Developer Role",N/A
Web Developer,N/A
Programmer/Developer,N/A
Android Developer (Java/Kotlin) - Intern/Junior,N/A
